Name,Type,Description,Company,Country/Region,Department,Display Name,Job Title,Last Name,First Name,City
Arnaud Kleefstra,User,,A. Datum, ,IT,Arnaud Kleefstra, ,Kleefstra,Arnaud,London
Augusta Moore,User,,A. Datum, ,IT,Augusta Moore, ,Moore,Augusta,Seattle
Dante Dabney,User,,A. Datum, ,IT,Dante Dabney, ,Dabney,Dante,London
Federico Clemente,User,,A. Datum, ,IT,Federico Clemente, ,Clemente,Federico,London
Huong Tang,User,,A. Datum, ,IT,Huong Tang, ,Tang,Huong,London
Jaap Van Eeuwijk,User,,A. Datum, ,IT,Jaap Van Eeuwijk, ,Van Eeuwijk,Jaap,London
Lara Raisic,User,,A. Datum, ,IT,Lara Raisic, ,Raisic,Lara,London
Liene Jaunzema,User,,A. Datum, ,IT,Liene Jaunzema, ,Jaunzema,Liene,London
Logan Boyle,User,,A. Datum, ,IT,Logan Boyle, ,Boyle,Logan,London
Lonnie Luciano,User,,A. Datum, ,IT,Lonnie Luciano, ,Luciano,Lonnie,Seattle
Maj Hojski,User,,A. Datum, ,IT,Maj Hojski, ,Hojski,Maj,London
Melanie Orr,User,,A. Datum, ,IT,Melanie Orr, ,Orr,Melanie,London
Millie Kirk,User,,A. Datum, ,IT,Millie Kirk, ,Kirk,Millie,London
Nestor Fiore,User,,A. Datum, ,IT,Nestor Fiore, ,Fiore,Nestor,London
Noreen Riggs,User,,A. Datum, ,IT,Noreen Riggs, ,Riggs,Noreen,Seattle
Pam Nicholson,User,,A. Datum, ,IT,Pam Nicholson, ,Nicholson,Pam,London
Stefan Deboer,User,,A. Datum, ,IT,Stefan Deboer, ,Deboer,Stefan,Seattle
Tonia Guthrie,User,,A. Datum, ,IT,Tonia Guthrie, ,Guthrie,Tonia,London
Victoria Bryan,User,,A. Datum, ,IT,Victoria Bryan, ,Bryan,Victoria,London
Abigail Rees,User,,A. Datum, ,Managers,Abigail Rees, ,Rees,Abigail,London
Adam Hobbs,User,,A. Datum, ,Managers,Adam Hobbs, ,Hobbs,Adam,London
Aidan Norman,User,,A. Datum, ,Managers,Aidan Norman, ,Norman,Aidan,London
Alyson Winters,User,,A. Datum, ,Managers,Alyson Winters, ,Winters,Alyson,London
An Dung Dao,User,,A. Datum, ,Managers,An Dung Dao, ,Dao,An Dung,London
Art Odum,User,,A. Datum, ,Managers,Art Odum, ,Odum,Art,London
Brandan Campbell,User,,A. Datum, ,Managers,Brandan Campbell, ,Campbell,Brandan,London
Burton Bartels,User,,A. Datum, ,Managers,Burton Bartels, ,Bartels,Burton,Seattle
Cleveland Dulaney,User,,A. Datum, ,Managers,Cleveland Dulaney, ,Dulaney,Cleveland,London
Damian Hadden,User,,A. Datum, ,Managers,Damian Hadden, ,Hadden,Damian,Seattle
Evangelina Reeves,User,,A. Datum, ,Managers,Evangelina Reeves, ,Reeves,Evangelina,London
Harry Lawrence,User,,A. Datum, ,Managers,Harry Lawrence, ,Lawrence,Harry,London
Holly Spencer,User,,A. Datum, ,Managers,Holly Spencer, ,Spencer,Holly,London
Isobel Wilkins,User,,A. Datum, ,Managers,Isobel Wilkins, ,Wilkins,Isobel,London
Jared McCoy,User,,A. Datum, ,Managers,Jared McCoy, ,McCoy,Jared,Seattle
Laura Atkins,User,,A. Datum, ,Managers,Laura Atkins, ,Atkins,Laura,London
Mary Skinner,User,,A. Datum, ,Managers,Mary Skinner, ,Skinner,Mary,London
Matej Stojanov,User,,A. Datum, ,Managers,Matej Stojanov, ,Stojanov,Matej,London
Meghan Lang,User,,A. Datum, ,Managers,Meghan Lang, ,Lang,Meghan,London
Merdan de Graaf,User,,A. Datum, ,Managers,Merdan de Graaf, ,de Graaf,Merdan,London
Milton Odum,User,,A. Datum, ,Managers,Milton Odum, ,Odum,Milton,Seattle
Monica Rowland,User,,A. Datum, ,Managers,Monica Rowland, ,Rowland,Monica,London
Neva Bartlett,User,,A. Datum, ,Managers,Neva Bartlett, ,Bartlett,Neva,London
Nita Allison,User,,A. Datum, ,Managers,Nita Allison, ,Allison,Nita,London
Olive Hayes,User,,A. Datum, ,Managers,Olive Hayes, ,Hayes,Olive,Seattle
Peter Laamers,User,,A. Datum, ,Managers,Peter Laamers, ,Laamers,Peter,London
Pia Vosnik,User,,A. Datum, ,Managers,Pia Vosnik, ,Vosnik,Pia,London
Preston Baldridge,User,,A. Datum, ,Managers,Preston Baldridge, ,Baldridge,Preston,London
Rosie Reynolds,User,,A. Datum, ,Managers,Rosie Reynolds, ,Reynolds,Rosie,London
Teri Decker,User,,A. Datum, ,Managers,Teri Decker, ,Decker,Teri,London
William Marsden,User,,A. Datum, ,Managers,William Marsden, ,Marsden,William,London
Alfie Power,User,,A. Datum, ,Sales,Alfie Power, ,Power,Alfie,London
Allan Yoo,User,,A. Datum, ,Sales,Allan Yoo, ,Yoo,Allan,London
Amelie Garner,User,,A. Datum, ,Sales,Amelie Garner, ,Garner,Amelie,London
Andrejs Rozitis,User,,A. Datum, ,Sales,Andrejs Rozitis, ,Rozitis,Andrejs,London
Angelica Gardner,User,,A. Datum, ,Sales,Angelica Gardner, ,Gardner,Angelica,London
Bradford Perea,User,,A. Datum, ,Sales,Bradford Perea, ,Perea,Bradford,Seattle
Brigita Krastina,User,,A. Datum, ,Sales,Brigita Krastina, ,Krastina,Brigita,London
Deana Frank,User,,A. Datum, ,Sales,Deana Frank, ,Frank,Deana,London
Demetrius Trudeau,User,,A. Datum, ,Sales,Demetrius Trudeau, ,Trudeau,Demetrius,London
Dita Balode,User,,A. Datum, ,Sales,Dita Balode, ,Balode,Dita,London
Dixie Ferrell,User,,A. Datum, ,Sales,Dixie Ferrell, ,Ferrell,Dixie,Seattle
Dora Martinez,User,,A. Datum, ,Sales,Dora Martinez, ,Martinez,Dora,London
Ellen Holloway,User,,A. Datum, ,Sales,Ellen Holloway, ,Holloway,Ellen,London
Erin Bull,User,,A. Datum, ,Sales,Erin Bull, ,Bull,Erin,London
Ethan Baxter,User,,A. Datum, ,Sales,Ethan Baxter, ,Baxter,Ethan,London
Evan Norman,User,,A. Datum, ,Sales,Evan Norman, ,Norman,Evan,London
Fay Gibbs,User,,A. Datum, ,Sales,Fay Gibbs, ,Gibbs,Fay,London
Felecia Carr,User,,A. Datum, ,Sales,Felecia Carr, ,Carr,Felecia,Seattle
Frank Ellenbroek,User,,A. Datum, ,Sales,Frank Ellenbroek, ,Ellenbroek,Frank,London
Franklin Steadman,User,,A. Datum, ,Sales,Franklin Steadman, ,Steadman,Franklin,London
Grigorijs Kaneps,User,,A. Datum, ,Sales,Grigorijs Kaneps, ,Kaneps,Grigorijs,London
Hai Chu,User,,A. Datum, ,Sales,Hai Chu, ,Chu,Hai,London
Jackie Walsh,User,,A. Datum, ,Sales,Jackie Walsh, ,Walsh,Jackie,London
Jay Perkins,User,,A. Datum, ,Sales,Jay Perkins, ,Perkins,Jay,London
Jeannette Valentine,User,,A. Datum, ,Sales,Jeannette Valentine, ,Valentine,Jeannette,London
Jenny McPherson,User,,A. Datum, ,Sales,Jenny McPherson, ,McPherson,Jenny,London
Jessie Richardson,User,,A. Datum, ,Sales,Jessie Richardson, ,Richardson,Jessie,London
Julio Bevins,User,,A. Datum, ,Sales,Julio Bevins, ,Bevins,Julio,Seattle
Kathie Benton,User,,A. Datum, ,Sales,Kathie Benton, ,Benton,Kathie,Seattle
Kerri West,User,,A. Datum, ,Sales,Kerri West, ,West,Kerri,London
Kiera Marsh,User,,A. Datum, ,Sales,Kiera Marsh, ,Marsh,Kiera,London
Ladonna Salas,User,,A. Datum, ,Sales,Ladonna Salas, ,Salas,Ladonna,Seattle
Laila Dumina,User,,A. Datum, ,Sales,Laila Dumina, ,Dumina,Laila,London
Lakisha Dennis,User,,A. Datum, ,Sales,Lakisha Dennis, ,Dennis,Lakisha,London
Larry Rayford,User,,A. Datum, ,Sales,Larry Rayford, ,Rayford,Larry,London
Lucy Davey,User,,A. Datum, ,Sales,Lucy Davey, ,Davey,Lucy,London
Mabel Bass,User,,A. Datum, ,Sales,Mabel Bass, ,Bass,Mabel,London
Magdalena Gilliam,User,,A. Datum, ,Sales,Magdalena Gilliam, ,Gilliam,Magdalena,London
Mai Montgomery,User,,A. Datum, ,Sales,Mai Montgomery, ,Montgomery,Mai,London
Malinda de Boer,User,,A. Datum, ,Sales,Malinda de Boer, ,de Boer,Malinda,London
Marian Decker,User,,A. Datum, ,Sales,Marian Decker, ,Decker,Marian,Seattle
Matevz Veskovo,User,,A. Datum, ,Sales,Matevz Veskovo, ,Veskovo,Matevz,London
Maureen Holland,User,,A. Datum, ,Sales,Maureen Holland, ,Holland,Maureen,London
Maxime Visser,User,,A. Datum, ,Sales,Maxime Visser, ,Visser,Maxime,London
Meredith Floyd,User,,A. Datum, ,Sales,Meredith Floyd, ,Floyd,Meredith,London
Mollie Moss,User,,A. Datum, ,Sales,Mollie Moss, ,Moss,Mollie,London
Orions Rubenis,User,,A. Datum, ,Sales,Orions Rubenis, ,Rubenis,Orions,London
Samantha McCray,User,,A. Datum, ,Sales,Samantha McCray, ,McCray,Samantha,London
Sarah Burch,User,,A. Datum, ,Sales,Sarah Burch, ,Burch,Sarah,Seattle
Siu Robben,User,,A. Datum, ,Sales,Siu Robben, ,Robben,Siu,London
Stela Sahiti,User,,A. Datum, ,Sales,Stela Sahiti, ,Sahiti,Stela,London
Tara Hodges,User,,A. Datum, ,Sales,Tara Hodges, ,Hodges,Tara,London
